bc0002;m1tl_1
bc0003;m1tl_1
bc0004;m1tl_1
bc0005;m1tl_1
bc0007;m1tl_1
bc0011;m1tl_1
bc0018;m1tl_1
bc0022;m1tl_1
bc0024;m1tl_1
bc0025;m1tl_1
bc0030;m1tl_1
bc0035;m1tl_1
bc0047;m1tl_1
bc0050;m1tl_1
bc0053;m1tl_1
bc0062;m1tl_1
bc0067;m1tl_1
bc0072;m1tl_1
bc0076;m1tl_1
bc0080;m1tl_1
bc0089;m1tl_1
bc0093;m1tl_1
bc0094;m1tl_1
bc0102;m1tl_1
bc0103;m1tl_1
bc0109;m1tl_1
bc0116;m1tl_1
bc0118;m1tl_1
bc0127;m1tl_1
bc0132;m1tl_1
bc0134;m1tl_1
bc0135;m1tl_1
bc0151;m1tl_1
bc0157;m1tl_1
bc0158;m1tl_1
bc0171;m1tl_1
bc0184;m1tl_1
bc0194;m1tl_1
bc0203;m1tl_1
bc0205;m1tl_1
bc0206;m1tl_1
bc0210;m1tl_1
bc0212;m1tl_1
bc0219;m1tl_1
bc0228;m1tl_1
bc0229;m1tl_1
bc0235;m1tl_1
bc0245;m1tl_1
bc0249;m1tl_1
bc0262;m1tl_1
bc0267;m1tl_1
bc0273;m1tl_1
bc0274;m1tl_1
bc0275;m1tl_1
bc0276;m1tl_1
bc0277;m1tl_1
bc0281;m1tl_1
bc0298;m1tl_1
bc0374;m1tl_1
bc0396;m1tl_1
bc0405;m1tl_1
bc0422;m1tl_1
bc0434;m1tl_1
bc0442;m1tl_1
bc0473;m1tl_1
bc0475;m1tl_1
bc0521;m1tl_1
bc0559;m1tl_1
bc0583;m1tl_1
bc0604;m1tl_1
bc0640;m1tl_1
bc0680;m1tl_1
bc0784;m1tl_1
bc0834;m1tl_1
bc0917;m1tl_1
bc0925;m1tl_1
bc1018;m1tl_1
bc1027;m1tl_1
bc1031;m1tl_1
bc1044;m1tl_1
bc1076;m1tl_1
bc1127;m1tl_1
bc1293;m1tl_1
bc1307;m1tl_1
bc1317;m1tl_1
bc1322;m1tl_1
bc1327;m1tl_1
bc0002;m1tl_2
bc0003;m1tl_2
bc0005;m1tl_2
bc0007;m1tl_2
bc0013;m1tl_2
bc0018;m1tl_2
bc0019;m1tl_2
bc0021;m1tl_2
bc0034;m1tl_2
bc0040;m1tl_2
bc0044;m1tl_2
bc0046;m1tl_2
bc0047;m1tl_2
bc0049;m1tl_2
bc0053;m1tl_2
bc0055;m1tl_2
bc0061;m1tl_2
bc0063;m1tl_2
bc0065;m1tl_2
bc0071;m1tl_2
bc0073;m1tl_2
bc0078;m1tl_2
bc0079;m1tl_2
bc0085;m1tl_2
bc0096;m1tl_2
bc0098;m1tl_2
bc0106;m1tl_2
bc0109;m1tl_2
bc0110;m1tl_2
bc0112;m1tl_2
bc0126;m1tl_2
bc0133;m1tl_2
bc0134;m1tl_2
bc0143;m1tl_2
bc0150;m1tl_2
bc0152;m1tl_2
bc0155;m1tl_2
bc0158;m1tl_2
bc0173;m1tl_2
bc0174;m1tl_2
bc0175;m1tl_2
bc0177;m1tl_2
bc0184;m1tl_2
bc0188;m1tl_2
bc0194;m1tl_2
bc0201;m1tl_2
bc0206;m1tl_2
bc0209;m1tl_2
bc0210;m1tl_2
bc0211;m1tl_2
bc0217;m1tl_2
bc0220;m1tl_2
bc0222;m1tl_2
bc0224;m1tl_2
bc0232;m1tl_2
bc0233;m1tl_2
bc0239;m1tl_2
bc0244;m1tl_2
bc0245;m1tl_2
bc0265;m1tl_2
bc0281;m1tl_2
bc0291;m1tl_2
bc0310;m1tl_2
bc0323;m1tl_2
bc0324;m1tl_2
bc0331;m1tl_2
bc0342;m1tl_2
bc0355;m1tl_2
bc0423;m1tl_2
bc0491;m1tl_2
bc0523;m1tl_2
bc0526;m1tl_2
bc0529;m1tl_2
bc0679;m1tl_2
bc0733;m1tl_2
bc0763;m1tl_2
bc0820;m1tl_2
bc0869;m1tl_2
bc0901;m1tl_2
bc0910;m1tl_2
bc0947;m1tl_2
bc0950;m1tl_2
bc0974;m1tl_2
bc1002;m1tl_2
bc1033;m1tl_2
bc1054;m1tl_2
bc1067;m1tl_2
bc1078;m1tl_2
bc1102;m1tl_2
bc1142;m1tl_2
bc0002;m1tl_3
bc0005;m1tl_3
bc0007;m1tl_3
bc0008;m1tl_3
bc0009;m1tl_3
bc0013;m1tl_3
bc0015;m1tl_3
bc0021;m1tl_3
bc0025;m1tl_3
bc0027;m1tl_3
bc0030;m1tl_3
bc0037;m1tl_3
bc0040;m1tl_3
bc0045;m1tl_3
bc0046;m1tl_3
bc0049;m1tl_3
bc0051;m1tl_3
bc0053;m1tl_3
bc0056;m1tl_3
bc0058;m1tl_3
bc0064;m1tl_3
bc0067;m1tl_3
bc0068;m1tl_3
bc0073;m1tl_3
bc0076;m1tl_3
bc0083;m1tl_3
bc0084;m1tl_3
bc0092;m1tl_3
bc0094;m1tl_3
bc0095;m1tl_3
bc0105;m1tl_3
bc0108;m1tl_3
bc0112;m1tl_3
bc0120;m1tl_3
bc0123;m1tl_3
bc0128;m1tl_3
bc0129;m1tl_3
bc0130;m1tl_3
bc0133;m1tl_3
bc0150;m1tl_3
bc0155;m1tl_3
bc0158;m1tl_3
bc0166;m1tl_3
bc0182;m1tl_3
bc0190;m1tl_3
bc0199;m1tl_3
bc0212;m1tl_3
bc0218;m1tl_3
bc0225;m1tl_3
bc0232;m1tl_3
bc0236;m1tl_3
bc0237;m1tl_3
bc0240;m1tl_3
bc0256;m1tl_3
bc0269;m1tl_3
bc0284;m1tl_3
bc0298;m1tl_3
bc0309;m1tl_3
bc0329;m1tl_3
bc0348;m1tl_3
bc0369;m1tl_3
bc0384;m1tl_3
bc0407;m1tl_3
bc0420;m1tl_3
bc0437;m1tl_3
bc0445;m1tl_3
bc0472;m1tl_3
bc0482;m1tl_3
bc0507;m1tl_3
bc0515;m1tl_3
bc0519;m1tl_3
bc0580;m1tl_3
bc0650;m1tl_3
bc0662;m1tl_3
bc0698;m1tl_3
bc0745;m1tl_3
bc0747;m1tl_3
bc0811;m1tl_3
bc0838;m1tl_3
bc0864;m1tl_3
bc0868;m1tl_3
bc0882;m1tl_3
bc0894;m1tl_3
bc0919;m1tl_3
bc0927;m1tl_3
bc0959;m1tl_3
bc0978;m1tl_3
bc0983;m1tl_3
bc0996;m1tl_3
bc1007;m1tl_3
bc1042;m1tl_3
bc1045;m1tl_3
bc1054;m1tl_3
bc1068;m1tl_3
bc1108;m1tl_3
bc1115;m1tl_3
bc1119;m1tl_3
bc1147;m1tl_3
bc1154;m1tl_3
bc1157;m1tl_3
bc1160;m1tl_3
bc0002;m1tl_4
bc0007;m1tl_4
bc0023;m1tl_4
bc0025;m1tl_4
bc0029;m1tl_4
bc0030;m1tl_4
bc0032;m1tl_4
bc0045;m1tl_4
bc0050;m1tl_4
bc0086;m1tl_4
bc0093;m1tl_4
bc0094;m1tl_4
bc0108;m1tl_4
bc0110;m1tl_4
bc0120;m1tl_4
bc0142;m1tl_4
bc0150;m1tl_4
bc0151;m1tl_4
bc0154;m1tl_4
bc0171;m1tl_4
bc0215;m1tl_4
bc0264;m1tl_4
bc0270;m1tl_4
bc0339;m1tl_4
bc0380;m1tl_4
bc0555;m1tl_4
bc0666;m1tl_4
bc0690;m1tl_4
bc0701;m1tl_4
bc0726;m1tl_4
bc0782;m1tl_4
bc0809;m1tl_4
bc0846;m1tl_4
bc0872;m1tl_4
bc0880;m1tl_4
bc0924;m1tl_4
bc0945;m1tl_4
bc1019;m1tl_4
bc1036;m1tl_4
bc1054;m1tl_4
bc1218;m1tl_4
bc1255;m1tl_4
bc1284;m1tl_4
bc1334;m1tl_4
bc1343;m1tl_4
bc1350;m1tl_4
bc1372;m1tl_4
bc1387;m1tl_4
bc1389;m1tl_4
bc1440;m1tl_4
bc1446;m1tl_4
bc1448;m1tl_4
bc1546;m1tl_4
bc006;m1tl_5
bc010;m1tl_5
bc012;m1tl_5
bc017;m1tl_5
bc018;m1tl_5
bc021;m1tl_5
bc022;m1tl_5
bc030;m1tl_5
bc034;m1tl_5
bc060;m1tl_5
bc069;m1tl_5
bc071;m1tl_5
bc073;m1tl_5
bc075;m1tl_5
bc091;m1tl_5
bc123;m1tl_5
bc124;m1tl_5
bc138;m1tl_5
bc164;m1tl_5
bc178;m1tl_5
bc238;m1tl_5
bc243;m1tl_5
bc291;m1tl_5
bc297;m1tl_5
bc308;m1tl_5
bc315;m1tl_5
bc318;m1tl_5
bc347;m1tl_5
bc415;m1tl_5
bc492;m1tl_5
bc574;m1tl_5
bc575;m1tl_5
bc592;m1tl_5
bc623;m1tl_5
bc640;m1tl_5
bc758;m1tl_5
bc773;m1tl_5
bc774;m1tl_5
bc783;m1tl_5
bc830;m1tl_5
bc834;m1tl_5
bc886;m1tl_5
bc890;m1tl_5
bc894;m1tl_5
bc908;m1tl_5
bc949;m1tl_5
bc966;m1tl_5
bc975;m1tl_5
bc983;m1tl_5
bc0005;m2tl_1
bc0008;m2tl_1
bc0009;m2tl_1
bc0012;m2tl_1
bc0016;m2tl_1
bc0018;m2tl_1
bc0020;m2tl_1
bc0022;m2tl_1
bc0027;m2tl_1
bc0030;m2tl_1
bc0042;m2tl_1
bc0046;m2tl_1
bc0051;m2tl_1
bc0053;m2tl_1
bc0058;m2tl_1
bc0061;m2tl_1
bc0073;m2tl_1
bc0075;m2tl_1
bc0080;m2tl_1
bc0089;m2tl_1
bc0094;m2tl_1
bc0100;m2tl_1
bc0103;m2tl_1
bc0108;m2tl_1
bc0118;m2tl_1
bc0129;m2tl_1
bc0133;m2tl_1
bc0136;m2tl_1
bc0146;m2tl_1
bc0163;m2tl_1
bc0165;m2tl_1
bc0169;m2tl_1
bc0180;m2tl_1
bc0190;m2tl_1
bc0204;m2tl_1
bc0207;m2tl_1
bc0257;m2tl_1
bc0259;m2tl_1
bc0260;m2tl_1
bc0262;m2tl_1
bc0273;m2tl_1
bc0280;m2tl_1
bc0296;m2tl_1
bc0306;m2tl_1
bc0307;m2tl_1
bc0314;m2tl_1
bc0330;m2tl_1
bc0337;m2tl_1
bc0350;m2tl_1
bc0362;m2tl_1
bc0384;m2tl_1
bc0393;m2tl_1
bc0400;m2tl_1
bc0457;m2tl_1
bc0491;m2tl_1
bc0495;m2tl_1
bc0511;m2tl_1
bc0520;m2tl_1
bc0528;m2tl_1
bc0546;m2tl_1
bc0565;m2tl_1
bc0569;m2tl_1
bc0605;m2tl_1
bc0609;m2tl_1
bc0615;m2tl_1
bc0620;m2tl_1
bc0625;m2tl_1
bc0632;m2tl_1
bc0647;m2tl_1
bc0650;m2tl_1
bc0666;m2tl_1
bc0677;m2tl_1
bc0679;m2tl_1
bc0683;m2tl_1
bc0684;m2tl_1
bc0688;m2tl_1
bc0699;m2tl_1
bc0706;m2tl_1
bc0709;m2tl_1
bc0718;m2tl_1
bc0720;m2tl_1
bc0729;m2tl_1
bc0732;m2tl_1
bc0739;m2tl_1
bc0744;m2tl_1
bc0761;m2tl_1
bc0764;m2tl_1
bc0779;m2tl_1
bc0785;m2tl_1
bc0787;m2tl_1
bc0807;m2tl_1
bc0808;m2tl_1
bc0810;m2tl_1
bc0826;m2tl_1
bc0846;m2tl_1
bc0857;m2tl_1
bc0937;m2tl_1
bc0977;m2tl_1
bc005;m2tl_2
bc007;m2tl_2
bc009;m2tl_2
bc010;m2tl_2
bc011;m2tl_2
bc012;m2tl_2
bc013;m2tl_2
bc016;m2tl_2
bc022;m2tl_2
bc025;m2tl_2
bc026;m2tl_2
bc028;m2tl_2
bc029;m2tl_2
bc030;m2tl_2
bc032;m2tl_2
bc033;m2tl_2
bc034;m2tl_2
bc035;m2tl_2
bc036;m2tl_2
bc038;m2tl_2
bc040;m2tl_2
bc044;m2tl_2
bc047;m2tl_2
bc048;m2tl_2
bc052;m2tl_2
bc053;m2tl_2
bc054;m2tl_2
bc058;m2tl_2
bc063;m2tl_2
bc065;m2tl_2
bc071;m2tl_2
bc077;m2tl_2
bc078;m2tl_2
bc080;m2tl_2
bc101;m2tl_2
bc105;m2tl_2
bc110;m2tl_2
bc111;m2tl_2
bc118;m2tl_2
bc120;m2tl_2
bc126;m2tl_2
bc129;m2tl_2
bc156;m2tl_2
bc157;m2tl_2
bc158;m2tl_2
bc160;m2tl_2
bc164;m2tl_2
bc175;m2tl_2
bc203;m2tl_2
bc213;m2tl_2
bc222;m2tl_2
bc231;m2tl_2
bc262;m2tl_2
bc265;m2tl_2
bc346;m2tl_2
bc417;m2tl_2
bc450;m2tl_2
bc451;m2tl_2
bc518;m2tl_2
bc0004;m2tl_3
bc0005;m2tl_3
bc0006;m2tl_3
bc0007;m2tl_3
bc0008;m2tl_3
bc0012;m2tl_3
bc0018;m2tl_3
bc0019;m2tl_3
bc0021;m2tl_3
bc0029;m2tl_3
bc0031;m2tl_3
bc0034;m2tl_3
bc0036;m2tl_3
bc0040;m2tl_3
bc0048;m2tl_3
bc0053;m2tl_3
bc0054;m2tl_3
bc0057;m2tl_3
bc0058;m2tl_3
bc0061;m2tl_3
bc0063;m2tl_3
bc0064;m2tl_3
bc0070;m2tl_3
bc0078;m2tl_3
bc0086;m2tl_3
bc0107;m2tl_3
bc0111;m2tl_3
bc0112;m2tl_3
bc0114;m2tl_3
bc0117;m2tl_3
bc0120;m2tl_3
bc0123;m2tl_3
bc0129;m2tl_3
bc0130;m2tl_3
bc0141;m2tl_3
bc0153;m2tl_3
bc0180;m2tl_3
bc0185;m2tl_3
bc0192;m2tl_3
bc0199;m2tl_3
bc0206;m2tl_3
bc0212;m2tl_3
bc0241;m2tl_3
bc0243;m2tl_3
bc0284;m2tl_3
bc0286;m2tl_3
bc0290;m2tl_3
bc0298;m2tl_3
bc0325;m2tl_3
bc0347;m2tl_3
bc0406;m2tl_3
bc0427;m2tl_3
bc0470;m2tl_3
bc0496;m2tl_3
bc0674;m2tl_3
bc0681;m2tl_3
bc0693;m2tl_3
bc0764;m2tl_3
bc0827;m2tl_3
bc0878;m2tl_3
bc1007;m2tl_3
bc1119;m2tl_3
bc1175;m2tl_3
bc1188;m2tl_3
bc1191;m2tl_3
bc0002;m2tl_4
bc0006;m2tl_4
bc0008;m2tl_4
bc0012;m2tl_4
bc0014;m2tl_4
bc0018;m2tl_4
bc0024;m2tl_4
bc0033;m2tl_4
bc0034;m2tl_4
bc0040;m2tl_4
bc0044;m2tl_4
bc0059;m2tl_4
bc0078;m2tl_4
bc0080;m2tl_4
bc0090;m2tl_4
bc0096;m2tl_4
bc0099;m2tl_4
bc0100;m2tl_4
bc0106;m2tl_4
bc0107;m2tl_4
bc0126;m2tl_4
bc0130;m2tl_4
bc0135;m2tl_4
bc0148;m2tl_4
bc0153;m2tl_4
bc0154;m2tl_4
bc0157;m2tl_4
bc0174;m2tl_4
bc0213;m2tl_4
bc0230;m2tl_4
bc0244;m2tl_4
bc0330;m2tl_4
bc0385;m2tl_4
bc0480;m2tl_4
bc0488;m2tl_4
bc0580;m2tl_4
bc0581;m2tl_4
bc0627;m2tl_4
bc0707;m2tl_4
bc0719;m2tl_4
bc0806;m2tl_4
bc0859;m2tl_4
bc0950;m2tl_4
bc1062;m2tl_4
