bcAGGC;h1tl_1
bcGDSJ;h1tl_1
bcEZQB;h1tl_1
bcBUMT;h1tl_1
bcEPPT;h1tl_1
bcCBCH;h1tl_1
bcDRQX;h1tl_1
bcFPXB;h1tl_1
bcHVVV;h1tl_1
bcGJVN;h1tl_1
bcEZOJ;h1tl_1
bcFSSY;h1tl_1
bcDJZK;h1tl_1
bcEGAC;h1tl_1
bcAHFR;h1tl_1
bcAAZV;h1tl_1
bcEZUM;h1tl_1
bcHDEH;h1tl_1
bcCQQH;h1tl_1
bcGXGR;h1tl_1
bcGQIY;h1tl_1
bcCGFF;h1tl_1
bcHKEE;h1tl_1
bcCQBG;h1tl_1
bcCCAK;h1tl_1
bcHWWH;h1tl_1
bcBWXJ;h1tl_1
bcGVBC;h1tl_1
bcDYZH;h1tl_1
bcCEYH;h1tl_1
bcELTQ;h1tl_1
bcEJXU;h1tl_1
bcCVQU;h1tl_1
bcHPHF;h1tl_1
bcHSAZ;h1tl_1
bcCZQT;h1tl_1
bcIJHU;h1tl_1
bcERHN;h1tl_1
bcIALK;h1tl_1
bcECDY;h1tl_1
bcCQFN;h1tl_1
bcFFDH;h1tl_1
bcBKAJ;h1tl_1
bcHFYT;h1tl_1
bcACDI;h1tl_1
bcIDWG;h1tl_1
bcGJAA;h1tl_1
bcGCWT;h1tl_1
bcGBAR;h1tl_1
bcCCJJ;h1tl_1
bcDFLA;h1tl_1
bcHWOE;h1tl_1
bcAMMM;h1tl_1
bcDMSK;h1tl_1
bcBENX;h1tl_1
bcBFTE;h1tl_1
bcFBUA;h1tl_1
bcDUQL;h1tl_1
bcFKSC;h1tl_1
bcGNVE;h1tl_1
bcCBWW;h1tl_1
bcAWPY;h1tl_1
bcBDHK;h1tl_1
bcGECS;h1tl_1
bcGVWE;h1tl_1
bcGWSR;h1tl_1
bcBXYQ;h1tl_1
bcGDFE;h1tl_1
bcCFRJ;h1tl_1
bcHTOT;h1tl_1
bcCIHB;h1tl_1
bcAZXE;h1tl_1
bcIHTG;h1tl_1
bcFTWW;h1tl_1
bcHMFT;h1tl_1
bcFPZG;h1tl_1
bcHAIL;h1tl_1
bcIAJA;h1tl_1
bcFPYL;h1tl_1
bcHJXC;h1tl_1
bcHKJJ;h1tl_1
bcHSRI;h1tl_1
bcAXRK;h1tl_1
bcIAJF;h1tl_1
bcHPJQ;h1tl_1
bcFJVX;h1tl_1
bcBDIM;h1tl_1
bcEBCZ;h1tl_1
bcAYIZ;h1tl_1
bcELIG;h1tl_1
bcBWJA;h1tl_1
bcBIPH;h1tl_1
bcDIGR;h1tl_1
bcFOYL;h1tl_1
bcEKLH;h1tl_1
bcHNLE;h1tl_1
bcBMZD;h1tl_1
bcCBCL;h1tl_1
bcGLYG;h1tl_1
bcAXWY;h1tl_1
bcGAIZ;h1tl_1
bcFODF;h1tl_1
bcDTBP;h1tl_1
bcGWZU;h1tl_1
bcHWBV;h1tl_1
bcCRAR;h1tl_1
bcFOVE;h1tl_1
bcBTLF;h1tl_1
bcBANQ;h1tl_1
bcEMZU;h1tl_1
bcGJPD;h1tl_1
bcFNTL;h1tl_1
bcCJTQ;h1tl_1
bcHITM;h1tl_1
bcHURY;h1tl_1
bcHNOG;h1tl_1
bcASZX;h1tl_1
bcCHGZ;h1tl_1
bcDNKI;h1tl_1
bcGKZX;h1tl_1
bcFQMZ;h1tl_1
bcGRZB;h1tl_1
bcFSXH;h1tl_1
bcEGMQ;h1tl_1
bcBRBT;h1tl_1
bcAIIQ;h1tl_1
bcCZGC;h1tl_1
bcCUZZ;h1tl_1
bcASCW;h1tl_1
bcHKYF;h1tl_1
bcCMAX;h1tl_1
bcGWHE;h1tl_1
bcIGKM;h1tl_1
bcFPOP;h1tl_1
bcGLXO;h1tl_1
bcHHXP;h1tl_1
bcCUXC;h1tl_1
bcCZAJ;h1tl_1
bcGMVK;h1tl_1
bcHXNH;h1tl_1
bcBONI;h1tl_1
bcHFXE;h1tl_1
bcFSRD;h1tl_1
bcARSV;h1tl_1
bcHDVT;h1tl_1
bcGJYW;h1tl_1
bcDRHS;h1tl_1
bcFEQY;h1tl_1
bcFVNA;h1tl_1
bcCEZD;h1tl_1
bcIHTF;h1tl_1
bcFJFW;h1tl_1
bcFLHA;h1tl_1
bcHMQV;h1tl_1
bcHRHZ;h1tl_1
bcAFCO;h1tl_1
bcESRE;h1tl_1
bcEGFX;h1tl_1
bcHCQC;h1tl_1
bcAZFA;h1tl_1
bcHVQR;h1tl_1
bcEOZR;h1tl_1
bcEPNT;h1tl_1
bcAZZU;h1tl_1
bcHRKM;h1tl_1
bcFUSD;h1tl_1
bcAWJI;h1tl_1
bcHPYY;h1tl_1
bcDQGU;h1tl_1
bcBBRY;h1tl_1
bcETCO;h1tl_1
bcGFDI;h1tl_1
bcEMZU;h1tl_2
bcHKJJ;h1tl_2
bcFJFW;h1tl_2
bcEUFI;h1tl_2
bcCBWW;h1tl_2
bcFPZG;h1tl_2
bcGKMJ;h1tl_2
bcECDY;h1tl_2
bcGMRD;h1tl_2
bcASRY;h1tl_2
bcHHXP;h1tl_2
bcDZNO;h1tl_2
bcBBTJ;h1tl_2
bcDYZB;h1tl_2
bcIFXE;h1tl_2
bcGDSJ;h1tl_2
bcHRKM;h1tl_2
bcIFNQ;h1tl_2
bcIDWG;h1tl_2
bcGVWE;h1tl_2
bcDMXM;h1tl_2
bcIHGD;h1tl_2
bcBBRY;h1tl_2
bcEPNT;h1tl_2
bcDTBP;h1tl_2
bcHCQC;h1tl_2
bcHMEO;h1tl_2
bcHMQV;h1tl_2
bcCFUB;h1tl_2
bcELTQ;h1tl_2
bcFLWW;h1tl_2
bcHJCZ;h1tl_2
bcHDLM;h1tl_2
bcBOMT;h1tl_2
bcHMGU;h1tl_2
bcFSXH;h1tl_2
bcHITM;h1tl_2
bcEMWR;h1tl_2
bcHRHZ;h1tl_2
bcDFLA;h1tl_2
bcIDKG;h1tl_2
bcCZQT;h1tl_2
bcFFDH;h1tl_2
bcGBAR;h1tl_2
bcHFAL;h1tl_2
bcAIIQ;h1tl_2
bcHPHF;h1tl_2
bcBENX;h1tl_2
bcBFTE;h1tl_2
bcBTLF;h1tl_2
bcCQFN;h1tl_2
bcHRAU;h1tl_2
bcFJRS;h1tl_2
bcFIFZ;h1tl_2
bcGDFE;h1tl_2
bcCUZZ;h1tl_2
bcBONI;h1tl_2
bcEMZV;h1tl_2
bcBXYQ;h1tl_2
bcIALC;h1tl_2
bcFJMQ;h1tl_2
bcFVNA;h1tl_2
bcHJMV;h1tl_2
bcGJAA;h1tl_2
bcHCZD;h1tl_2
bcAWPY;h1tl_2
bcAXWY;h1tl_2
bcCGFF;h1tl_2
bcGXFT;h1tl_2
bcCDUJ;h1tl_2
bcHVQR;h1tl_2
bcFKTI;h1tl_2
bcGQIY;h1tl_2
bcFSRD;h1tl_2
bcIHTF;h1tl_2
bcHAEO;h1tl_2
bcBZZB;h1tl_2
bcDRQX;h1tl_2
bcFEFR;h1tl_2
bcCRBY;h1tl_2
bcHAIL;h1tl_2
bcFOYL;h1tl_2
bcHWOE;h1tl_2
bcIAHR;h1tl_2
bcHTOT;h1tl_2
bcHXNH;h1tl_2
bcCUXC;h1tl_2
bcGERD;h1tl_2
bcHFXE;h1tl_2
bcDFNM;h1tl_2
bcFOVE;h1tl_2
bcETCO;h1tl_2
bcHENI;h1tl_2
bcDJZK;h1tl_2
bcHJXC;h1tl_2
bcEGAC;h1tl_2
bcFEOM;h1tl_2
bcHPVA;h1tl_2
bcASZX;h1tl_2
bcCQBG;h1tl_2
bcGVEQ;h1tl_2
bcBPLV;h1tl_2
bcFJPM;h1tl_2
bcHFKU;h1tl_2
bcFWAZ;h1tl_2
bcBMYN;h1tl_2
bcIAJA;h1tl_2
bcBMZD;h1tl_2
bcFNTL;h1tl_2
bcDQGU;h1tl_2
bcIIWS;h1tl_2
bcBDIM;h1tl_2
bcGWSR;h1tl_2
bcCZAJ;h1tl_2
bcAXRK;h1tl_2
bcHSAZ;h1tl_2
bcBWXJ;h1tl_2
bcGNWX;h1tl_2
bcFQMZ;h1tl_2
bcAZXE;h1tl_2
bcHWZL;h1tl_2
bcDQNG;h1tl_2
bcGFVC;h1tl_2
bcCHGZ;h1tl_2
bcEXWZ;h1tl_2
bcIJBJ;h1tl_2
bcAAIH;h1tl_2
bcDYZH;h1tl_2
bcAEWL;h1tl_2
bcEPPT;h1tl_2
bcFAGE;h1tl_2
bcBWJA;h1tl_2
bcAMMM;h1tl_2
bcAFZZ;h1tl_2
bcBQLU;h1tl_2
bcBJJM;h1tl_2
bcGKZX;h1tl_2
bcEIMO;h1tl_2
bcCBCH;h1tl_2
bcCIHB;h1tl_2
bcIGPQ;h1tl_2
bcEZUM;h1tl_2
bcEZOJ;h1tl_2
bcCQQH;h1tl_2
bcAUSS;h1tl_2
bcHVVV;h1tl_2
bcGAIZ;h1tl_2
bcCPTA;h1tl_2
bcHJDJ;h1tl_2
bcAZZU;h1tl_2
bcGWZU;h1tl_2
bcAIXF;h1tl_2
bcHKYF;h1tl_2
bcAPHZ;h1tl_2
bcHSJY;h1tl_2
bcCCAK;h1tl_2
bcCJHW;h1tl_2
bcIGUH;h1tl_2
bcBJBG;h1tl_2
bcERHN;h1tl_2
bcIDOQ;h1tl_2
bcHLTD;h1tl_2
bcACVQ;h1tl_2
bcFOUC;h1tl_2
bcGUXA;h1tl_3
bcHBNH;h1tl_3
bcHIUD;h1tl_3
bcFWIL;h1tl_3
bcEVMD;h1tl_3
bcAKOO;h1tl_3
bcDRTN;h1tl_3
bcFDBJ;h1tl_3
bcEZEL;h1tl_3
bcEMVO;h1tl_3
bcFHAR;h1tl_3
bcCGMN;h1tl_3
bcFVND;h1tl_3
bcBARF;h1tl_3
bcFTBF;h1tl_3
bcBTVW;h1tl_3
bcHVKU;h1tl_3
bcFHSW;h1tl_3
bcIFNZ;h1tl_3
bcABGW;h1tl_3
bcHAVQ;h1tl_3
bcIFBO;h1tl_3
bcAATX;h1tl_3
bcAHXW;h1tl_3
bcENCT;h1tl_3
bcFBEV;h1tl_3
bcGUQO;h1tl_3
bcGVTW;h1tl_3
bcCIFP;h1tl_3
bcGZDC;h1tl_3
bcIAAZ;h1tl_3
bcAGWE;h1tl_3
bcAMXM;h1tl_3
bcFMSX;h1tl_3
bcHQEE;h1tl_3
bcGPLK;h1tl_3
bcFGKB;h1tl_3
bcGXVJ;h1tl_3
bcHSBO;h1tl_3
bcCVVM;h1tl_3
bcCRXN;h1tl_3
bcEWYU;h1tl_3
bcCMGR;h1tl_3
bcEVMP;h1tl_3
bcAVNZ;h1tl_3
bcGYPJ;h1tl_3
bcGIXK;h1tl_3
bcGJUQ;h1tl_3
bcHAMF;h1tl_3
bcGSTZ;h1tl_3
bcGBGD;h1tl_3
bcFVKZ;h1tl_3
bcGMBR;h1tl_3
bcFWUL;h1tl_3
bcHJTT;h1tl_3
bcHGTG;h1tl_3
bcFEUK;h1tl_3
bcCVGZ;h1tl_3
bcHNWP;h1tl_3
bcEADK;h1tl_3
bcAGPQ;h1tl_3
bcCEDJ;h1tl_3
bcAGLT;h1tl_3
bcHZWS;h1tl_3
bcFUMG;h1tl_3
bcEWPL;h1tl_3
bcHWMY;h1tl_3
bcIJXD;h1tl_3
bcFINE;h1tl_3
bcHEUL;h1tl_3
bcIAIQ;h1tl_3
bcEATK;h1tl_3
bcCBJP;h1tl_3
bcHWRP;h1tl_3
bcFUDZ;h1tl_3
bcDQRE;h1tl_3
bcBUIC;h1tl_3
bcFCYJ;h1tl_4
bcAWED;h1tl_4
bcDCAP;h1tl_4
bcDLPS;h1tl_4
bcHEOU;h1tl_4
bcETVY;h1tl_4
bcCWHG;h1tl_4
bcFVHQ;h1tl_4
bcAZDF;h1tl_4
bcDJJK;h1tl_4
bcEZVN;h1tl_4
bcFAAL;h1tl_4
bcFHTV;h1tl_4
bcCFPY;h1tl_4
bcIEQN;h1tl_4
bcGYNL;h1tl_4
bcGTYS;h1tl_4
bcBWKU;h1tl_4
bcGMCJ;h1tl_4
bcCGCG;h1tl_4
bcDSYF;h1tl_4
bcIGUE;h1tl_4
bcAWAJ;h1tl_4
bcCBUU;h1tl_4
bcBQWK;h1tl_4
bcGXQT;h1tl_4
bcIFNZ;h1tl_4
bcFVND;h1tl_4
bcFFXO;h1tl_4
bcCYDT;h1tl_4
bcEIQI;h1tl_4
bcGBUF;h1tl_4
bcFCOF;h1tl_4
bcAUQI;h1tl_4
bcCZWP;h1tl_4
bcHORX;h1tl_4
bcGIFA;h1tl_4
bcGDKH;h1tl_4
bcCOEQ;h1tl_4
bcBXHF;h1tl_4
bcDCEG;h1tl_4
bcGLNV;h1tl_4
bcEUUG;h1tl_4
bcCOYW;h1tl_4
bcBEWX;h1tl_4
bcFMIB;h1tl_4
bcGMYA;h1tl_4
bcIAYK;h1tl_4
bcCCCC;h1tl_4
bcBFUP;h1tl_4
bcIJAY;h1tl_4
bcFZHW;h1tl_4
bcBBSI;h1tl_4
bcFAGP;h1tl_4
bcBRMG;h1tl_4
bcAMNC;h1tl_4
bcFGVH;h1tl_4
bcIAFZ;h1tl_4
bcHPSS;h1tl_4
bcBZCK;h1tl_4
bcFJYA;h1tl_4
bcHCQN;h1tl_4
bcHNJM;h1tl_4
bcGXVJ;h1tl_4
bcFVKZ;h1tl_4
bcEWPJ;h1tl_4
bcBLJA;h1tl_4
bcGUUX;h1tl_4
bcGQRS;h1tl_4
bcIHNM;h1tl_4
bcHTNI;h1tl_4
bcDBQS;h1tl_4
bcESIO;h1tl_4
bcCEON;h1tl_4
bcEMHK;h1tl_4
bcFYSP;h1tl_4
bcEXNR;h1tl_4
bcGYOD;h1tl_4
bcFVEN;h1tl_4
bcFSDX;h1tl_4
bcBIGF;h1tl_4
bcCAZI;h1tl_4
bcACNO;h1tl_4
bcIAWG;h1tl_4
bcFVFQ;h1tl_4
bcHYQA;h1tl_4
bcEJUH;h1tl_4
bcFABG;h2tl_1
bcHJWH;h2tl_1
bcGRWU;h2tl_1
bcDETI;h2tl_1
bcGJHG;h2tl_1
bcELYS;h2tl_1
bcBFDW;h2tl_1
bcGUZH;h2tl_2
bcCTKB;h2tl_2
bcGVAI;h2tl_2
bcBZND;h2tl_2
bcGRWU;h2tl_2
bcGOHP;h2tl_2
bcCWRW;h2tl_2
bcFVZZ;h2tl_2
bcGJHG;h2tl_2
bcDUZJ;h2tl_2
bcCNID;h3tl_1
bcGVTM;h3tl_1
bcGSJL;h3tl_1
bcHTZL;h3tl_1
bcATDL;h3tl_1
bcGFBL;h3tl_1
bcDYCV;h3tl_1
bcGYOP;h3tl_1
bcGJFV;h3tl_1
bcHZVG;h3tl_1
bcEMKN;h3tl_1
bcIFPF;h3tl_1
bcACTX;h3tl_1
bcEEKM;h3tl_1
bcFTJS;h3tl_1
bcADPO;h3tl_1
bcBLKB;h3tl_1
bcCRJE;h3tl_1
bcFVML;h3tl_1
bcFQSH;h3tl_1
bcFNXR;h3tl_1
bcACFC;h3tl_1
bcDOOT;h3tl_1
bcHDHJ;h3tl_1
bcGIDA;h3tl_1
bcHXGX;h3tl_1
bcFOKU;h3tl_1
bcGKSV;h3tl_1
bcGPPQ;h3tl_1
bcHXIM;h3tl_1
bcHTFW;h3tl_1
bcFORK;h3tl_1
bcASMQ;h3tl_1
bcHCJI;h3tl_1
bcDFKQ;h3tl_1
bcIFFN;h3tl_1
bcAFDI;h3tl_1
bcEYYK;h3tl_1
bcDUSV;h3tl_1
bcAWZM;h3tl_1
bcGLBV;h3tl_1
bcEVMM;h3tl_1
bcDWBA;h3tl_1
bcHZKL;h3tl_1
bcCPLN;h3tl_1
bcCZZV;h3tl_1
bcEBHX;h3tl_1
bcHXFR;h3tl_1
bcDRUB;h3tl_1
bcHJYE;h3tl_1
bcGXQQ;h3tl_1
bcGHOZ;h3tl_1
bcGSMS;h3tl_1
bcFABI;h3tl_1
bcDNYL;h3tl_1
bcGIVW;h3tl_1
bcGVCU;h3tl_1
bcGNTG;h3tl_1
bcATUQ;h3tl_1
bcETBP;h3tl_1
bcHEVD;h3tl_1
bcEZJR;h3tl_1
bcFFFJ;h3tl_1
bcHCKH;h3tl_1
bcBLJC;h3tl_1
bcHEYY;h3tl_1
bcCFEQ;h3tl_1
bcGZNS;h3tl_1
bcHBNE;h3tl_1
bcDUIM;h3tl_1
bcEZPQ;h3tl_1
bcIEFT;h3tl_1
bcCPEB;h3tl_1
bcIFED;h3tl_1
bcFMZF;h3tl_1
bcCGFM;h3tl_1
bcGWUI;h3tl_1
bcFLQQ;h3tl_1
bcFZPG;h3tl_1
bcGCVT;h3tl_1
bcESTP;h3tl_1
bcCFGK;h3tl_1
bcHBCW;h3tl_1
bcGCLT;h3tl_1
bcACND;h3tl_1
bcFRBA;h3tl_1
bcFFCB;h3tl_1
bcCQOR;h3tl_1
bcHDIW;h3tl_1
bcAIZQ;h3tl_1
bcELWA;h3tl_1
bcARPH;h3tl_1
bcFBPJ;h3tl_1
bcGNSO;h3tl_1
bcAMTU;h3tl_1
bcEKOR;h3tl_1
bcHTRN;h3tl_1
bcBEBD;h3tl_1
bcGTLF;h3tl_1
bcFZEQ;h3tl_1
bcDVOH;h3tl_1
bcDOFQ;h3tl_1
bcEOWO;h3tl_1
bcCEOH;h3tl_1
bcEAFU;h3tl_1
bcGNGA;h3tl_1
bcEFWX;h3tl_1
bcDXNL;h3tl_1
bcIBRK;h3tl_1
bcATLS;h3tl_1
bcAFZP;h3tl_1
bcGKJF;h3tl_1
bcHMIO;h3tl_1
bcAIEM;h3tl_1
bcCJTW;h3tl_1
bcGMCI;h3tl_1
bcCUJW;h3tl_1
bcEQZY;h3tl_1
bcGZGI;h3tl_1
bcAPWX;h3tl_1
bcGFAD;h3tl_1
bcHIFC;h3tl_1
bcENRQ;h3tl_1
bcELNL;h3tl_1
bcHBTH;h3tl_1
bcGQZE;h3tl_1
bcFULS;h3tl_1
bcCLBP;h3tl_1
bcDUWX;h3tl_1
bcEMMH;h3tl_1
bcGZPA;h3tl_1
bcHABW;h3tl_1
bcFJND;h3tl_1
bcEEJN;h3tl_1
bcBZMY;h3tl_1
bcGAOV;h3tl_1
bcCHWP;h3tl_1
bcECJV;h3tl_1
bcFFFJ;h3tl_2
bcDUWX;h3tl_2
bcGYOQ;h3tl_2
bcBEUZ;h3tl_2
bcIDHU;h3tl_2
bcIHMM;h3tl_2
bcGYOP;h3tl_2
bcCXNW;h3tl_2
bcFVJN;h3tl_2
bcGJAM;h3tl_2
bcDDOZ;h3tl_2
bcGJVS;h3tl_2
bcBVAD;h3tl_2
bcEMKN;h3tl_2
bcBJCO;h3tl_2
bcCUJW;h3tl_2
bcGJFV;h3tl_2
bcCEPK;h3tl_2
bcGDCY;h3tl_2
bcHKBG;h3tl_2
bcHXGX;h3tl_2
bcEPSX;h3tl_2
bcFIID;h3tl_2
bcEUTK;h3tl_2
bcGRLG;h3tl_2
bcEIMB;h3tl_2
bcGNGA;h3tl_2
bcGRQZ;h3tl_2
bcHTDG;h3tl_2
bcAWZM;h3tl_2
bcGBIJ;h3tl_2
bcFJRD;h3tl_2
bcAOTN;h3tl_2
bcDMMN;h3tl_2
bcGKSW;h3tl_2
bcACND;h3tl_2
bcAFLG;h3tl_2
bcETJK;h3tl_2
bcFGVV;h3tl_2
bcHCXO;h3tl_2
bcATUQ;h3tl_2
bcHVYF;h3tl_2
bcEYIR;h3tl_2
bcGPCN;h3tl_2
bcALTE;h3tl_2
bcHFZE;h3tl_2
bcFFNW;h3tl_2
bcECMI;h3tl_2
bcALER;h3tl_2
bcHZKL;h3tl_2
bcEEMN;h3tl_2
bcARMP;h3tl_2
bcHSIO;h3tl_2
bcGJAJ;h3tl_2
bcIBYM;h3tl_2
bcFOSZ;h3tl_2
bcIADE;h3tl_2
bcACFC;h3tl_2
bcHHOT;h3tl_2
bcIHVK;h3tl_2
bcFHFV;h3tl_2
bcGFBL;h3tl_2
bcDJLD;h3tl_2
bcDZKE;h3tl_2
bcHEYY;h3tl_2
bcEOEJ;h3tl_2
bcBMTP;h3tl_2
bcEBNG;h3tl_2
bcFMZF;h3tl_2
bcDOOT;h3tl_2
bcEBHX;h3tl_2
bcHVLD;h3tl_2
bcCLBP;h3tl_2
bcCHWP;h3tl_2
bcACLR;h3tl_2
bcBYRC;h3tl_2
bcEYYK;h3tl_2
bcDURD;h3tl_2
bcIGAG;h3tl_2
bcGQZE;h3tl_2
bcGZPA;h3tl_2
bcHABW;h3tl_2
bcHGWP;h3tl_2
bcBOYM;h3tl_2
bcCBAX;h3tl_2
bcFYOH;h3tl_2
bcBSUY;h3tl_2
bcCZZV;h3tl_2
bcDBBQ;h3tl_2
bcGFSA;h3tl_2
bcEAFU;h3tl_2
bcHEUK;h3tl_2
bcFRWH;h3tl_2
bcBEBD;h3tl_2
bcAHOH;h3tl_2
bcEZKT;h3tl_2
bcGINV;h3tl_2
bcETPN;h3tl_2
bcACXI;h3tl_2
bcBYZH;h3tl_2
bcELWA;h3tl_2
bcHIAS;h3tl_2
bcFGWI;h3tl_2
bcHOWY;h3tl_2
bcCFEQ;h3tl_2
bcCFZX;h3tl_2
bcFANT;h3tl_2
bcBOUO;h3tl_2
bcIFLW;h3tl_2
bcETXK;h3tl_2
bcAZXC;h3tl_2
bcFUHY;h3tl_2
bcEVMM;h3tl_2
bcHEVS;h3tl_2
bcGKJF;h3tl_2
bcCMXP;h3tl_2
bcESHA;h3tl_2
bcHRLS;h3tl_2
bcEFWX;h3tl_2
bcFLQQ;h3tl_2
bcAHYY;h3tl_2
bcEKPU;h3tl_2
bcAMTU;h3tl_2
bcFMQN;h3tl_2
bcFVXU;h3tl_2
bcDWBA;h3tl_2
bcBTUF;h3tl_2
bcGEDD;h3tl_2
bcDPWG;h3tl_2
bcDNHL;h3tl_2
bcEGDK;h3tl_2
bcFORK;h3tl_2
bcHIFC;h3tl_2
bcHTFW;h3tl_2
bcHFTZ;h3tl_2
bcHOUL;h3tl_2
bcGFAD;h3tl_2
bcBAWS;h3tl_2
bcDFZB;h3tl_2
bcHBTH;h3tl_2
bcGREM;h3tl_2
bcHDIW;h3tl_2
bcHEUH;h3tl_2
bcHGYA;h3tl_2
bcEEKM;h3tl_2
bcFZEQ;h3tl_2
bcGCLT;h3tl_3
bcDUIM;h3tl_3
bcDGPQ;h3tl_3
bcEGCQ;h3tl_3
bcIHBD;h3tl_3
bcETBP;h3tl_3
bcGQRB;h3tl_3
bcFZEQ;h3tl_3
bcEZKT;h3tl_3
bcGMPT;h3tl_3
bcCMWZ;h3tl_3
bcFJND;h3tl_3
bcGWUI;h3tl_3
bcGIKV;h3tl_3
bcELWA;h3tl_3
bcBZMY;h3tl_3
bcHGGF;h3tl_3
bcHZKL;h3tl_3
bcETJK;h3tl_3
bcDJSS;h3tl_3
bcHNTH;h3tl_3
bcHUHD;h3tl_3
bcHOUL;h3tl_3
bcHRWD;h3tl_3
bcGNGA;h3tl_3
bcHABW;h3tl_3
bcGGRA;h3tl_3
bcEMBK;h3tl_3
bcDKVB;h3tl_3
bcGZPA;h3tl_3
bcFABI;h3tl_3
bcGOOY;h3tl_3
bcGHRV;h3tl_3
bcGPMU;h3tl_3
bcIIIW;h3tl_3
bcDUSV;h3tl_3
bcDWJC;h3tl_3
bcGQHP;h3tl_3
bcACND;h3tl_3
bcDWBA;h3tl_3
bcFBLR;h3tl_3
bcGECT;h3tl_3
bcFWRP;h3tl_3
bcAIZQ;h3tl_3
bcFVMV;h3tl_3
bcAFLG;h3tl_3
bcFFFJ;h3tl_3
bcFTLT;h3tl_3
bcAQYR;h3tl_3
bcHTZQ;h3tl_3
bcGJDJ;h3tl_3
bcBBNZ;h3tl_3
bcCEOH;h3tl_3
bcBTUF;h3tl_3
bcDNHL;h3tl_3
bcFUTT;h3tl_3
bcFMYX;h3tl_3
bcFEXV;h3tl_3
bcAISA;h3tl_3
bcEDXJ;h3tl_3
bcENEZ;h3tl_3
bcDLRV;h3tl_3
bcACFC;h3tl_3
bcFXYU;h3tl_3
bcEYYK;h3tl_3
bcBHJM;h3tl_3
bcHXGX;h3tl_3
bcCLBP;h3tl_3
bcCFEQ;h3tl_3
bcAIEM;h3tl_3
bcAIZU;h3tl_3
bcHIFC;h3tl_3
bcFYUZ;h3tl_3
bcCZZV;h3tl_3
bcFBLO;h3tl_3
bcFCSZ;h3tl_3
bcHWUM;h3tl_3
bcHLZK;h3tl_3
bcDEDR;h3tl_3
bcEKLX;h3tl_3
bcBRJH;h3tl_3
bcGSMS;h3tl_3
bcBIRK;h3tl_3
bcHVLL;h3tl_3
bcAWZM;h3tl_3
bcENEA;h3tl_3
bcATDL;h3tl_3
bcGMFA;h3tl_3
bcFHEM;h3tl_3
bcGIHS;h3tl_3
bcEWFW;h3tl_3
bcGJFV;h3tl_3
bcBEBD;h3tl_3
bcCNID;h3tl_3
bcGNQN;h3tl_3
bcAHOH;h3tl_3
bcGNXR;h3tl_3
bcGQYX;h3tl_3
bcGUOB;h3tl_3
bcCHWP;h3tl_3
bcDOOT;h3tl_3
bcHJYE;h3tl_3
bcETJO;h3tl_3
bcFGWI;h3tl_3
bcGZWK;h3tl_3
bcGWFE;h3tl_3
bcCXNW;h3tl_3
bcAYJW;h3tl_3
bcGJVT;h3tl_3
bcDXNL;h3tl_3
bcHSXQ;h3tl_3
bcFLQQ;h3tl_3
bcAZXC;h3tl_3
bcGTLF;h3tl_3
bcHAKZ;h3tl_3
bcCXWK;h3tl_3
bcGIBK;h3tl_3
bcIBWK;h3tl_3
bcEXVK;h3tl_3
bcEMUN;h3tl_3
bcADKS;h3tl_3
bcDDIX;h3tl_3
bcDJUY;h3tl_3
bcDFJC;h3tl_3
bcCJTW;h3tl_3
bcGYOP;h3tl_3
bcECMX;h3tl_3
bcEQZY;h3tl_3
bcATUQ;h3tl_3
bcGGXH;h3tl_3
bcAHRC;h3tl_3
bcFNJP;h3tl_3
bcAKVW;h3tl_3
bcCPEB;h3tl_3
bcFNMX;h3tl_3
bcGBXA;h3tl_3
bcEBHX;h3tl_3
bcDUWX;h3tl_3
bcGFAD;h3tl_3
bcEUJT;h3tl_3
bcHCVP;h3tl_3
bcHTXA;h3tl_3
bcEMKN;h3tl_3
bcBVAD;h3tl_3
bcGKUG;h3tl_3
bcGPKD;h3tl_3
bcETPN;h3tl_3
bcEZJR;h3tl_3
bcGSYX;h3tl_3
bcICBB;h4tl_1
bcGTVQ;h4tl_1
bcGXQP;h4tl_1
bcIDKY;h4tl_1
bcHQFS;h4tl_1
bcHLSU;h4tl_1
bcHILV;h4tl_1
bcIIDT;h4tl_1
bcHVDZ;h4tl_1
bcASMH;h4tl_1
bcELWM;h4tl_1
bcEZYM;h4tl_1
bcHLXF;h4tl_1
bcFLLQ;h4tl_1
bcFSPB;h4tl_1
bcETVG;h4tl_1
bcFJMI;h4tl_1
bcFHWI;h4tl_1
bcGIAB;h4tl_1
bcFJMX;h4tl_1
bcIHEQ;h4tl_1
bcEEMG;h4tl_1
bcHSAZ;h4tl_1
bcFVVB;h4tl_1
bcFSYQ;h4tl_1
bcGBXC;h4tl_1
bcGEBU;h4tl_1
bcBMRO;h4tl_1
bcHKTI;h4tl_1
bcGNXF;h4tl_1
bcHAGJ;h4tl_1
bcELZN;h4tl_1
bcDYFW;h4tl_1
bcHGZR;h4tl_1
bcBTMR;h4tl_1
bcGMHF;h4tl_1
bcHUEH;h4tl_1
bcEZRF;h4tl_1
bcHYGM;h4tl_1
bcAMHI;h4tl_1
bcBPCL;h4tl_1
bcEKPR;h4tl_1
bcFCTL;h4tl_1
bcHQIP;h4tl_1
bcEAJX;h4tl_1
bcANQG;h4tl_1
bcHCOJ;h4tl_1
bcHCNE;h4tl_1
bcCNUT;h4tl_1
bcGGXF;h4tl_1
bcHFAJ;h4tl_1
bcHOKE;h4tl_1
bcDCAZ;h4tl_1
bcGEDI;h4tl_1
bcFDUZ;h4tl_1
bcIFDR;h4tl_1
bcGGYN;h4tl_1
bcCUDJ;h4tl_1
bcASEG;h4tl_1
bcFHLZ;h4tl_1
bcCEYI;h4tl_1
bcEMOM;h4tl_1
bcIFOQ;h4tl_1
bcGJFE;h4tl_1
bcDDTQ;h4tl_1
bcDUXO;h4tl_1
bcGBHI;h4tl_1
bcCCZZ;h4tl_1
bcIJWH;h4tl_1
bcBFGF;h4tl_1
bcASVJ;h4tl_1
bcARNB;h4tl_1
bcCHUZ;h4tl_1
bcAGLV;h4tl_1
bcHAPK;h4tl_1
bcCPIW;h4tl_1
bcFYOY;h4tl_1
bcCSEW;h4tl_1
bcFDIR;h4tl_1
bcHFOA;h4tl_1
bcEODZ;h4tl_2
bcEJNP;h4tl_2
bcHDDM;h4tl_2
bcGUXO;h4tl_2
bcCHDF;h4tl_2
bcCQAG;h4tl_2
bcGTLJ;h4tl_2
bcFLYQ;h4tl_2
bcIDKY;h4tl_2
bcHKRQ;h4tl_2
bcIAMN;h4tl_2
bcEZYM;h4tl_2
bcCGXB;h4tl_2
bcGWEG;h4tl_2
bcCSEW;h4tl_2
bcGNXF;h4tl_2
bcIEHH;h4tl_2
bcHFSX;h4tl_2
bcCAXU;h4tl_2
bcBJBC;h4tl_2
bcCHXY;h4tl_2
bcHZTR;h4tl_2
bcBWUE;h4tl_2
bcBOHD;h4tl_2
bcHAGJ;h4tl_2
bcEEMG;h4tl_2
bcCMTP;h4tl_2
bcGZHX;h4tl_2
bcIAUK;h4tl_2
bcGDIL;h4tl_2
bcFUCQ;h4tl_2
bcASPI;h4tl_2
bcETVG;h4tl_2
bcFVVB;h4tl_2
bcHKTI;h4tl_2
bcAEGJ;h4tl_2
bcGMYB;h4tl_2
bcGPEU;h4tl_2
bcFLVX;h4tl_2
bcAGLV;h4tl_2
bcFJMX;h4tl_2
bcFIYF;h4tl_2
bcDDRD;h4tl_2
bcEKHM;h4tl_2
bcFVZU;h4tl_2
bcHSIK;h4tl_2
bcERZY;h4tl_2
bcHDSC;h4tl_2
bcFXLP;h4tl_2
bcGYMB;h4tl_2
bcAMOE;h4tl_2
bcCJMK;h4tl_2
bcHIMG;h4tl_2
bcAZXY;h4tl_2
bcFVQR;h4tl_2
bcBOLO;h4tl_2
bcEEAZ;h4tl_2
bcFMES;h4tl_2
bcCNUT;h4tl_2
bcHSLY;h4tl_2
bcGOZA;h4tl_2
bcIJWH;h4tl_2
bcGUPU;h4tl_2
bcDPQG;h4tl_2
bcDXOI;h4tl_2
bcGEDI;h4tl_2
bcGXYM;h4tl_2
bcEEUY;h4tl_2
bcDCXK;h4tl_2
bcGYDW;h4tl_2
bcCHEM;h4tl_2
bcENWY;h4tl_2
bcCBYT;h4tl_2
bcBFQT;h4tl_2
bcGZTQ;h4tl_2
bcGKXO;h4tl_2
bcGEYV;h4tl_2
bcHARJ;h4tl_2
bcBHNJ;h4tl_2
bcBIDM;h4tl_2
bcADGX;h4tl_2
bcFWUL;h4tl_2
bcEFUW;h4tl_2
bcFDUZ;h4tl_2
bcFDZP;h4tl_2
bcGYUJ;h4tl_2
bcHUOS;h4tl_2
bcGNVG;h4tl_2
bcGOGS;h4tl_2
bcIHEQ;h4tl_2
bcFMSU;h4tl_2
bcEHIB;h4tl_2
bcHDMA;h4tl_2
bcFMXR;h4tl_2
bcGXID;h4tl_2
bcFXLD;h4tl_2
bcFERY;h4tl_2
bcHEGJ;h4tl_2
bcELPA;h4tl_2
bcGACZ;h4tl_2
bcGRGG;h4tl_2
bcDASK;h4tl_2
bcHQIP;h4tl_2
bcGKWF;h4tl_2
bcGGYN;h4tl_2
bcERLC;h4tl_3
bcEKLS;h4tl_3
bcFPEP;h4tl_3
bcHJKJ;h4tl_3
bcEFVU;h4tl_3
bcHGOI;h4tl_3
bcAYLP;h4tl_3
bcGGJP;h4tl_3
bcFCHR;h4tl_3
bcFILM;h4tl_3
bcEYGT;h4tl_3
bcGEPN;h4tl_3
bcIAIV;h4tl_3
bcAVQU;h4tl_3
bcBVBW;h4tl_3
bcGVFA;h4tl_3
bcBZJB;h4tl_3
bcEITW;h4tl_3
bcEJAB;h4tl_3
bcGYCP;h4tl_3
bcEQGC;h4tl_3
bcBKDH;h4tl_3
bcEIKB;h4tl_3
bcHPLR;h4tl_3
bcHRHG;h4tl_3
bcHJOX;h4tl_3
bcFULM;h4tl_3
bcCGWM;h4tl_3
bcHFYH;h4tl_3
bcBOZM;h4tl_3
bcGRQB;h4tl_3
bcFQLB;h4tl_3
bcGCVI;h4tl_3
bcDRCO;h4tl_3
bcAYPK;h4tl_3
bcGHLV;h4tl_3
bcGPMJ;h4tl_3
bcCPBB;h4tl_3
bcGNSX;h4tl_3
bcCOOD;h4tl_3
bcIIUU;h4tl_3
bcEDBC;h4tl_3
bcFOBZ;h4tl_3
bcGZAX;h4tl_3
bcESDO;h4tl_3
bcBJDU;h4tl_3
bcBNRN;h4tl_3
bcGQLN;h4tl_3
bcDXCL;h4tl_3
bcIIEZ;h4tl_3
bcFDQA;h4tl_3
bcIFLL;h4tl_3
bcDTOV;h4tl_3
bcHFMS;h4tl_3
bcFNSD;h4tl_3
bcGNJR;h4tl_3
bcEJTV;h4tl_3
bcGZYK;h4tl_3
bcHKKH;h4tl_3
bcGHRD;h4tl_3
bcAGYO;h4tl_3
bcHUZZ;h4tl_3
bcCQSG;h4tl_3
bcCQXJ;h4tl_3
bcIGZC;h4tl_3
bcHKWR;h4tl_3
bcFXKX;h4tl_3
bcHOSU;h4tl_3
bcBOIE;h4tl_3
bcFNFN;h4tl_3
bcERNG;h4tl_3
bcGLLO;h4tl_3
bcGLCV;h4tl_3
bcHHWD;h4tl_3
bcHKNM;h4tl_3
bcGVPP;h4tl_3
bcDOFZ;h4tl_3
bcFKUP;h4tl_3
bcAHFY;h4tl_3
bcFFQK;h4tl_3
bcEODL;h4tl_3
bcAAMS;h4tl_3
bcETLA;h4tl_3
bcHDQC;h4tl_3
bcECSR;h4tl_3
bcBKSA;h4tl_3
bcEXZS;h4tl_3
bcFUVM;h4tl_3
bcFVLV;h4tl_3
bcDFYW;h4tl_3
bcEWCP;h4tl_3
bcADOS;h4tl_3
bcGNVX;h4tl_3
bcEMGE;h4tl_3
bcBDWM;h4tl_3
bcGFJT;h4tl_3
bcFJNG;h4tl_3
bcFQXX;h4tl_3
bcDWFN;h4tl_3
bcAZKG;h4tl_3
bcHYPS;h4tl_3
bcIHQM;h4tl_3
bcGXLD;h4tl_3
bcIJBA;h4tl_3
bcBDOE;h4tl_3
bcAHUI;h4tl_3
bcCSUX;h4tl_3
bcHDPO;h4tl_3
bcEGML;h4tl_3
bcGIWC;h4tl_3
bcGHCK;h4tl_3
bcFPRX;h5tl_1
bcGXQZ;h5tl_1
bcBMCV;h5tl_1
bcGXJQ;h5tl_1
bcGXWU;h5tl_1
bcFRRY;h5tl_1
bcGTPY;h5tl_1
bcFJTY;h5tl_1
bcGQHZ;h5tl_1
bcFEMK;h5tl_1
bcDAIM;h5tl_1
bcGOJK;h5tl_1
bcGVQB;h5tl_1
bcHKWK;h5tl_1
bcEWBS;h5tl_1
bcDBAC;h5tl_1
bcDRXH;h5tl_1
bcBAUZ;h5tl_1
bcFCJF;h5tl_1
bcIHEO;h5tl_1
bcGGXO;h5tl_1
bcEKHI;h5tl_1
bcEYUY;h5tl_1
bcBZUM;h5tl_1
bcIIZV;h5tl_1
bcHCTK;h5tl_1
bcIFYK;h5tl_1
bcGPLQ;h5tl_1
bcHDAM;h5tl_1
bcIEQN;h5tl_1
bcIIBI;h5tl_1
bcCRBL;h5tl_1
bcCQOR;h5tl_1
bcCTQU;h5tl_1
bcGKSR;h5tl_1
bcARMY;h5tl_1
bcDOLD;h5tl_1
bcEVNO;h5tl_1
bcEARC;h5tl_1
bcFXFW;h5tl_1
bcGPBL;h5tl_1
bcAVQA;h5tl_1
bcIDNR;h5tl_1
bcGUZL;h5tl_1
bcCHYW;h5tl_1
bcDBMW;h5tl_1
bcANGC;h5tl_1
bcFPBA;h5tl_1
bcDFYV;h5tl_1
bcBKDV;h5tl_1
bcAVLU;h5tl_1
bcAFST;h5tl_1
bcGCJA;h5tl_1
bcFAWJ;h5tl_1
bcHLHT;h5tl_1
bcHJGN;h5tl_1
bcGLAD;h5tl_1
bcCJQC;h5tl_1
bcFYLX;h5tl_1
bcEPUQ;h5tl_1
bcIGCU;h5tl_1
bcHLAR;h5tl_1
bcEJOP;h5tl_1
bcEWUX;h5tl_1
bcEUIZ;h5tl_1
bcAJBS;h5tl_1
bcGFBR;h5tl_1
bcDLTO;h5tl_1
bcFFXV;h5tl_1
bcFEUZ;h5tl_1
bcHFAG;h5tl_1
bcFZTV;h5tl_1
bcEOBG;h5tl_1
bcIFNC;h5tl_1
bcBNLN;h5tl_1
bcBSYB;h5tl_1
bcEKPN;h5tl_1
bcDYHD;h5tl_1
bcIJNW;h5tl_1
bcEPLS;h5tl_1
bcAGHB;h5tl_1
bcAQTB;h5tl_1
bcFMYT;h5tl_1
bcGKGC;h5tl_1
bcFOGI;h5tl_1
bcFXPW;h5tl_1
bcFOSA;h5tl_1
bcDYFI;h5tl_1
bcAFKM;h5tl_1
bcAOSA;h5tl_1
bcFVZJ;h5tl_1
bcDSWH;h5tl_1
bcFDTO;h5tl_1
bcFNYS;h5tl_1
bcBOGU;h5tl_1
bcALAQ;h5tl_1
bcGZQJ;h5tl_1
bcBNKL;h5tl_1
bcFSCE;h5tl_1
bcICTF;h5tl_1
bcCASP;h5tl_1
bcGKUM;h5tl_1
bcIJMX;h5tl_1
bcEXMV;h5tl_1
bcGRUA;h5tl_1
bcEZCO;h5tl_1
bcGTRR;h5tl_2
bcETCK;h5tl_2
bcCURF;h5tl_2
bcIDNR;h5tl_2
bcCCTH;h5tl_2
bcBFTX;h5tl_2
bcFZZF;h5tl_2
bcAVNI;h5tl_2
bcEYUY;h5tl_2
bcAJFX;h5tl_2
bcHXZX;h5tl_2
bcDKNP;h5tl_2
bcCHYW;h5tl_2
bcDCRC;h5tl_2
bcHLZI;h5tl_2
bcIFBQ;h5tl_2
bcGVEO;h5tl_2
bcHQXA;h5tl_2
bcHLRA;h5tl_2
bcHGWW;h5tl_2
bcHFAG;h5tl_2
bcBWQM;h5tl_2
bcDCMR;h5tl_2
bcFGTP;h5tl_2
bcHWQP;h5tl_2
bcHAKK;h5tl_2
bcEYVD;h5tl_2
bcAVGM;h5tl_2
bcASVT;h5tl_2
bcGMRX;h5tl_2
bcDTGJ;h5tl_2
bcFGEO;h5tl_2
bcGPQY;h5tl_2
bcICGL;h5tl_2
bcFUQO;h5tl_2
bcFXFW;h5tl_2
bcGTKW;h5tl_2
bcHEOH;h5tl_2
bcEPCG;h5tl_2
bcHQAI;h5tl_2
bcHKWK;h5tl_2
bcBZYJ;h5tl_2
bcALUM;h5tl_2
bcFOLW;h5tl_2
bcEJOX;h5tl_2
bcDHED;h5tl_2
bcAVLU;h5tl_2
bcGEZC;h5tl_2
bcANLL;h5tl_2
bcAKFI;h5tl_2
bcBDKW;h5tl_2
bcIJDZ;h5tl_2
bcACBF;h5tl_2
bcEXTR;h5tl_2
bcHHJR;h5tl_2
bcFFZC;h5tl_2
bcGERP;h5tl_2
bcHYYN;h5tl_2
bcICIY;h5tl_2
bcCGJW;h5tl_2
bcEVPJ;h5tl_2
bcGBQY;h5tl_2
bcDYHD;h5tl_2
bcGVNV;h5tl_2
bcHHAM;h5tl_2
bcEHVG;h5tl_2
bcBDJO;h5tl_2
bcDNAT;h5tl_2
bcALDS;h5tl_2
bcHRVP;h5tl_2
bcHQYA;h5tl_2
bcDAIM;h5tl_2
bcDWUA;h5tl_2
bcGRUP;h5tl_2
bcAGQB;h5tl_2
bcFIAM;h5tl_2
bcEVGT;h5tl_2
bcBUMU;h5tl_2
bcGCLU;h5tl_2
bcEYUR;h5tl_2
bcBPFV;h5tl_2
bcBXWC;h5tl_2
bcHJVK;h5tl_2
bcHVDK;h5tl_2
bcAOSA;h5tl_2
bcIJCO;h5tl_2
bcDAYW;h5tl_2
bcFEKI;h5tl_2
bcBZUM;h5tl_2
bcALAQ;h5tl_2
bcFDTO;h5tl_2
bcGPTQ;h5tl_2
bcBYUW;h5tl_2
bcICBV;h5tl_2
bcDTRP;h5tl_2
bcATDX;h5tl_2
bcGBVX;h5tl_2
bcADYU;h5tl_2
bcCVGT;h5tl_2
bcIDTN;h5tl_2
bcDVSQ;h5tl_2
bcGXMB;h5tl_2
bcATPN;h5tl_2
bcFVAU;h5tl_2
bcFPOP;h5tl_2
bcCHGY;h5tl_2
bcBKDV;h5tl_2
bcHSGU;h5tl_2
bcIIBI;h5tl_2
bcBTJN;h5tl_2
bcABJO;h5tl_2
bcCRBL;h5tl_2
bcHGBW;h5tl_2
bcIFKN;h5tl_2
bcBRNZ;h5tl_2
bcFRRZ;h5tl_2
bcFZTV;h5tl_2
bcCSQY;h5tl_2
bcBKWL;h5tl_2
bcHWTE;h5tl_2
bcELQJ;h5tl_2
bcCTQU;h5tl_2
bcBMCV;h5tl_2
bcDBMW;h5tl_2
bcFSCE;h5tl_2
bcAELU;h5tl_2
bcGOJK;h5tl_2
bcEUIZ;h5tl_2
bcHKOA;h5tl_2
bcIGTU;h5tl_2
bcAUCE;h5tl_2
bcAFKM;h5tl_2
bcETYL;h5tl_2
bcGOGM;h5tl_2
bcDOWR;h5tl_2
bcFXPW;h5tl_2
bcBEVU;h5tl_2
bcGTOL;h5tl_2
bcBSYB;h5tl_2
bcAGZP;h5tl_2
bcEUJX;h6tl_1
bcGSTA;h6tl_1
bcGJCD;h6tl_1
bcGCDE;h6tl_1
bcCUDO;h6tl_1
bcACFL;h6tl_1
bcFHBA;h6tl_1
bcEEIX;h6tl_1
bcEJVZ;h6tl_1
bcCBNJ;h6tl_1
bcHSLJ;h6tl_1
bcHDXS;h6tl_1
bcBQCA;h6tl_1
bcGLDQ;h6tl_1
bcHMLM;h6tl_1
bcIFES;h6tl_1
bcEDHG;h6tl_1
bcGMNQ;h6tl_1
bcBODU;h6tl_1
bcHJIS;h6tl_1
bcCQZI;h6tl_1
bcGQWB;h6tl_1
bcHYDS;h6tl_1
bcEYYE;h6tl_1
bcESTF;h6tl_1
bcCWRD;h6tl_1
bcCMIG;h6tl_1
bcGGMO;h6tl_1
bcGHMK;h6tl_1
bcGDEY;h6tl_1
bcHFYU;h6tl_1
bcHEHC;h6tl_1
bcFFIP;h6tl_1
bcFXLH;h6tl_1
bcHODQ;h6tl_1
bcEAFP;h6tl_1
bcBMYH;h6tl_1
bcIHME;h6tl_1
bcBNCV;h6tl_1
bcBDFW;h6tl_1
bcHXQQ;h6tl_1
bcIDWI;h6tl_1
bcCNGX;h6tl_1
bcHTOD;h6tl_1
bcHSWJ;h6tl_1
bcGOYV;h6tl_1
bcHWLG;h6tl_1
bcEEFG;h6tl_1
bcCZPE;h6tl_1
bcGROU;h6tl_1
bcGPLU;h6tl_1
bcGHYW;h6tl_1
bcGYMO;h6tl_1
bcHHDG;h6tl_1
bcGHZX;h6tl_1
bcHHTK;h6tl_1
bcGGPC;h6tl_1
bcDEXU;h6tl_1
bcEZWS;h6tl_1
bcHTNZ;h6tl_1
bcFOON;h6tl_1
bcBFVJ;h6tl_1
bcHNBE;h6tl_1
bcAEOL;h6tl_1
bcGESP;h6tl_1
bcICAY;h6tl_1
bcBGHD;h6tl_1
bcFXMP;h6tl_1
bcHIUL;h6tl_1
bcDFBW;h6tl_1
bcEUJJ;h6tl_1
bcDAPX;h6tl_1
bcAZEK;h6tl_1
bcBMBS;h6tl_1
bcHVID;h6tl_1
bcBTCE;h6tl_1
bcAYGJ;h6tl_1
bcDASJ;h6tl_1
bcDVJJ;h6tl_1
bcFHQP;h6tl_1
bcAQKL;h6tl_1
bcCEIN;h6tl_1
bcHFOH;h6tl_1
bcFNXC;h6tl_1
bcFKIR;h6tl_1
bcCGGP;h6tl_1
bcEJPR;h6tl_1
bcCYFG;h6tl_1
bcFXHQ;h6tl_1
bcHDSX;h6tl_1
bcAVQR;h6tl_1
bcEGZZ;h6tl_1
bcCFDR;h6tl_1
bcHWFE;h6tl_1
bcBYEF;h6tl_1
bcAVKP;h6tl_1
bcHPKX;h6tl_1
bcGNAD;h6tl_1
bcEOBT;h6tl_1
bcHCKL;h6tl_1
bcIEGJ;h6tl_1
bcEOTX;h6tl_1
bcCOXC;h6tl_1
bcHGJC;h6tl_1
bcGVYL;h6tl_1
bcHCRE;h6tl_1
bcAEFS;h6tl_1
bcCJUN;h6tl_1
bcEOWH;h6tl_1
bcGLXA;h6tl_1
bcEIUI;h6tl_1
bcDJSO;h6tl_1
bcAMZF;h6tl_1
bcETCL;h6tl_1
bcGAZA;h6tl_1
bcGVFL;h6tl_1
bcEQVX;h6tl_1
bcDJMB;h6tl_1
bcHNNO;h6tl_1
bcHSIZ;h6tl_1
bcCSDK;h6tl_1
bcGAYH;h6tl_1
bcBZWR;h6tl_1
bcBWII;h6tl_1
bcHHMH;h6tl_1
bcDZPS;h6tl_1
bcFEFX;h6tl_1
bcGITZ;h6tl_1
bcEMRK;h6tl_1
bcFMXR;h6tl_1
bcFBEY;h6tl_1
bcIJXW;h6tl_1
bcDRLC;h6tl_1
bcHDPV;h6tl_1
bcGGEI;h6tl_1
bcFWQG;h6tl_1
bcEPTM;h6tl_1
bcBHPU;h6tl_1
bcABNV;h6tl_1
bcAOHF;h6tl_1
bcHPTK;h6tl_1
bcHIEH;h6tl_1
bcHAWO;h6tl_1
bcGGLW;h6tl_1
bcHFBJ;h6tl_1
bcAVDC;h6tl_2
bcBYPK;h6tl_2
bcFCIC;h6tl_2
bcIGUM;h6tl_2
bcGWVC;h6tl_2
bcATGS;h6tl_2
bcBFMN;h6tl_2
bcDNJQ;h6tl_2
bcAERZ;h6tl_2
bcEDRU;h6tl_2
bcHIIZ;h6tl_2
bcCNQW;h6tl_2
bcCRTU;h6tl_2
bcDZOB;h6tl_2
bcFBVV;h6tl_2
bcCESF;h6tl_2
bcHKQE;h6tl_2
bcCSSM;h6tl_2
bcDKUG;h6tl_2
bcFOWD;h6tl_2
bcIBLJ;h6tl_2
bcDLYH;h6tl_2
bcCJUB;h6tl_2
bcFKDT;h6tl_2
bcBGJL;h6tl_2
bcBRGZ;h6tl_2
bcGJMX;h6tl_2
bcENMQ;h6tl_2
bcDBVS;h6tl_2
bcDJJU;h6tl_2
bcGKRQ;h6tl_2
bcEVPS;h6tl_2
bcDUFL;h6tl_2
bcHROB;h6tl_2
bcCPJF;h6tl_2
bcFQAP;h6tl_2
bcERJH;h6tl_2
bcEZBT;h6tl_2
bcAURI;h6tl_2
bcFVFR;h6tl_2
bcHGTX;h6tl_2
bcIIXJ;h6tl_2
bcBTCE;h6tl_2
bcHEUW;h6tl_2
bcHUUN;h6tl_2
bcDDLC;h6tl_2
bcHJKA;h6tl_2
bcGHWV;h6tl_2
bcBTXU;h6tl_2
bcIEAC;h6tl_2
bcIBSF;h6tl_2
bcGIPZ;h6tl_2
bcIDWI;h6tl_2
bcBLZP;h6tl_2
bcEIHV;h6tl_2
bcDJZA;h6tl_2
bcCNGV;h6tl_2
bcALIH;h6tl_2
bcHXKZ;h6tl_2
bcDIZJ;h6tl_2
bcBOJA;h6tl_2
bcGOBY;h6tl_2
bcDSPJ;h6tl_2
bcEJWA;h6tl_2
bcETQT;h6tl_2
bcHIGB;h6tl_2
bcGMOI;h6tl_2
bcDYUO;h6tl_2
bcFCQE;h6tl_2
bcBRAA;h6tl_2
bcFGQJ;h6tl_2
bcFWEE;h6tl_2
bcEWSV;h6tl_2
bcETAR;h6tl_2
bcECYC;h6tl_2
bcDFBW;h6tl_2
bcDCBG;h6tl_2
bcGRXB;h6tl_2
bcFERG;h6tl_2
bcIKAH;h6tl_2
bcESTF;h6tl_2
bcGJAZ;h6tl_2
bcANVY;h6tl_2
bcFSQF;h6tl_2
bcEIQQ;h6tl_2
bcHUHM;h6tl_2
bcHTQV;h6tl_2
bcHQUM;h6tl_2
bcGCMF;h6tl_2
bcDKJD;h6tl_2
bcFYEH;h6tl_2
bcGTRR;h6tl_2
bcHDAX;h6tl_2
bcDNFD;h6tl_2
bcHVWN;h6tl_2
bcHSWJ;h6tl_2
bcFKCH;h6tl_2
bcBDTA;h6tl_2
bcAYAK;h6tl_2
bcAJLC;h6tl_2
bcHPSC;h6tl_2
bcGJWD;h6tl_2
bcACFL;h6tl_2
bcFLUV;h6tl_2
bcHCWD;h6tl_2
bcCPSU;h6tl_2
bcAFMW;h6tl_2
bcEDJU;h6tl_2
bcBSMQ;h6tl_2
bcBUUS;h6tl_2
bcHEGS;h6tl_2
bcIAUZ;h6tl_2
bcGFYR;h6tl_2
bcGOTZ;h6tl_2
bcEZYH;h6tl_2
bcCOGD;h6tl_2
bcBSKX;h6tl_2
bcDEYF;h6tl_2
bcFYEZ;h6tl_2
bcACVG;h6tl_2
bcHFZM;h6tl_2
bcAMMN;h6tl_2
bcHVWB;h6tl_2
bcAQES;h7tl_1
bcHRCM;h7tl_1
bcGGHZ;h7tl_1
bcFMAO;h7tl_1
bcIAUB;h7tl_1
bcBLEK;h7tl_1
bcBSRJ;h7tl_1
bcIDHP;h7tl_1
bcHSDA;h7tl_1
bcEXOP;h7tl_1
bcBVRE;h7tl_1
bcIEVP;h7tl_1
bcDNCJ;h7tl_1
bcIBCO;h7tl_1
bcANKM;h7tl_1
bcDGMB;h7tl_1
bcASOE;h7tl_1
bcGFEK;h7tl_1
bcGBHV;h7tl_1
bcHHDR;h7tl_1
bcAQCY;h7tl_1
bcDPVB;h7tl_1
bcFTEK;h7tl_1
bcGTYT;h7tl_1
bcAVDF;h7tl_1
bcBTXK;h7tl_1
bcHJET;h7tl_1
bcHGJA;h7tl_1
bcCLTB;h7tl_1
bcFQHD;h7tl_1
bcBZVI;h7tl_1
bcEUGI;h7tl_1
bcCPBW;h7tl_1
bcIAAP;h7tl_1
bcBQKD;h7tl_1
bcIEIC;h7tl_1
bcCJOT;h7tl_1
bcHDDJ;h7tl_1
bcEXOS;h7tl_1
bcCIFL;h7tl_1
bcESXJ;h7tl_1
bcETRW;h7tl_1
bcETYO;h7tl_1
bcFRGM;h7tl_1
bcACYT;h7tl_1
bcHBEF;h7tl_1
bcHYYO;h7tl_1
bcCIPS;h7tl_1
bcFQMV;h7tl_1
bcHVGV;h7tl_1
bcARNK;h7tl_1
bcCPAX;h7tl_1
bcGAQF;h7tl_1
bcAFRX;h7tl_1
bcBEBC;h7tl_1
bcGZYF;h7tl_1
bcAIAL;h7tl_1
bcEHSR;h7tl_1
bcHSYP;h7tl_1
bcFDHC;h7tl_1
bcDIOM;h7tl_1
bcFJFA;h7tl_1
bcHIBJ;h7tl_1
bcECKF;h7tl_1
bcFCTZ;h7tl_1
bcEOMQ;h7tl_1
bcHRIZ;h7tl_1
bcGVVA;h7tl_1
bcHSXV;h7tl_1
bcDITF;h7tl_1
bcGVQH;h7tl_1
bcAXXI;h7tl_1
bcICXU;h7tl_1
bcGICF;h7tl_1
bcGJVX;h7tl_1
bcDWMS;h7tl_1
bcCYTX;h7tl_1
bcGWRG;h7tl_1
bcDUPI;h7tl_1
bcFPHH;h7tl_1
bcEDPV;h7tl_1
bcDFFK;h7tl_1
bcCGSC;h7tl_1
bcBLKX;h7tl_1
bcHAGQ;h7tl_1
bcHRPH;h7tl_1
bcBPBH;h7tl_1
bcIFIA;h7tl_1
bcCDSQ;h7tl_1
bcHDVM;h7tl_1
bcHZKC;h7tl_1
bcHVJQ;h7tl_1
bcGVFB;h7tl_1
bcEUYJ;h7tl_1
bcDBNO;h7tl_1
bcHIKS;h7tl_1
bcGAUO;h7tl_1
bcACNL;h7tl_1
bcHQWD;h7tl_1
bcEMHB;h7tl_1
bcHLDA;h7tl_1
bcBGFG;h7tl_1
bcGNCB;h7tl_1
bcCURK;h7tl_1
bcDEBT;h7tl_1
bcFAMQ;h7tl_1
bcGMPJ;h7tl_1
bcIDDI;h7tl_1
bcAVDV;h7tl_1
bcDTSO;h7tl_1
bcBFAS;h7tl_1
bcFTMK;h7tl_1
bcBEGI;h7tl_1
bcHVMS;h7tl_1
bcDJJS;h7tl_1
bcEGXQ;h7tl_1
bcDIUR;h7tl_1
bcGNBJ;h7tl_1
bcHIHZ;h7tl_1
bcFSLB;h7tl_1
bcDMLW;h7tl_1
bcBRJA;h7tl_1
bcHMSV;h7tl_1
bcFMQQ;h7tl_1
bcBYML;h7tl_2
bcEDPV;h7tl_2
bcCPAX;h7tl_2
bcFUOJ;h7tl_2
bcDFFK;h7tl_2
bcBLKX;h7tl_2
bcAGJX;h7tl_2
bcICXU;h7tl_2
bcDUPI;h7tl_2
bcAIAL;h7tl_2
bcGXMR;h7tl_2
bcGGZO;h7tl_2
bcCJPF;h7tl_2
bcHYYO;h7tl_2
bcFTEK;h7tl_2
bcBIEE;h7tl_2
bcECKF;h7tl_2
bcDQSW;h7tl_2
bcARNK;h7tl_2
bcIGNV;h7tl_2
bcETCP;h7tl_2
bcFICW;h7tl_2
bcHBEF;h7tl_2
bcCHUF;h7tl_2
bcDMLW;h7tl_2
bcEPQJ;h7tl_2
bcBZVI;h7tl_2
bcIAUB;h7tl_2
bcETYO;h7tl_2
bcFWUA;h7tl_2
bcDSUI;h7tl_2
bcANKM;h7tl_2
bcFJFA;h7tl_2
bcHRPH;h7tl_2
bcIEVP;h7tl_2
bcDGMB;h7tl_2
bcCZER;h7tl_2
bcELZU;h7tl_2
bcBHKZ;h7tl_2
bcHMSV;h7tl_2
bcHJET;h7tl_2
bcHHDR;h7tl_2
bcDWLT;h7tl_2
bcCIPS;h7tl_2
bcACNL;h7tl_2
bcFIPD;h7tl_2
bcDEBT;h7tl_2
bcDIUR;h7tl_2
bcHUMU;h7tl_2
bcHVJQ;h7tl_2
bcCPBW;h7tl_2
bcHGTB;h7tl_2
bcEMHJ;h7tl_2
bcIDEG;h7tl_2
bcBBBR;h7tl_2
bcFDHC;h7tl_2
bcAUMS;h7tl_2
bcELTC;h7tl_2
bcCNHG;h7tl_2
bcETUI;h7tl_2
bcGVPR;h7tl_2
bcFTMK;h7tl_2
bcHSXV;h7tl_2
bcEZYE;h7tl_2
bcHSYP;h7tl_2
bcEOMQ;h7tl_2
bcICMK;h7tl_2
bcGPRC;h7tl_2
bcHUIY;h7tl_2
bcBASB;h7tl_2
bcHVMS;h7tl_2
bcACBG;h7tl_2
bcFQHD;h7tl_2
bcIBCO;h7tl_2
bcIDDI;h7tl_2
bcGFPG;h7tl_2
bcGZYF;h7tl_2
bcHDDJ;h7tl_2
bcFAMQ;h7tl_2
bcHAGO;h7tl_2
bcABYS;h7tl_2
bcELPB;h7tl_2
bcIGER;h7tl_2
bcEFIB;h7tl_2
bcELUA;h7tl_2
bcBMPS;h7tl_2
bcCTAM;h7tl_2
bcFPHH;h7tl_2
bcIJZI;h7tl_2
bcHPRH;h7tl_2
bcGICF;h7tl_2
bcDJJS;h7tl_2
bcFADT;h7tl_2
bcHSDA;h7tl_2
bcAYIS;h7tl_2
bcCGSC;h7tl_2
bcEZUC;h7tl_2
bcEXRW;h7tl_2
bcGYPL;h7tl_2
bcCLTB;h7tl_2
bcEVIZ;h7tl_2
bcBFQO;h7tl_2
bcBFZY;h7tl_2
bcHLEZ;h7tl_2
bcEMHB;h7tl_2
bcETRW;h7tl_2
bcHSKX;h7tl_2
bcHLEJ;h7tl_2
bcFMQQ;h7tl_2
bcFMAO;h7tl_2
bcEWOD;h7tl_2
bcBLEK;h7tl_2
bcCROJ;h7tl_2
bcCDOM;h7tl_2
bcCIFL;h7tl_2
bcAQCY;h7tl_2
bcHNCY;h7tl_2
bcGVKX;h7tl_2
bcBWGV;h7tl_2
bcDLAU;h7tl_2
bcBVRE;h7tl_2
bcEOHP;h7tl_2
bcFSLB;h7tl_2
bcDITF;h7tl_2
bcDLHE;h7tl_2
bcCGOD;h7tl_2
